Team,Bracket Order,Seed,Ken Pom,Off Eff,Def Eff,NET Ranking
Duke,1,1,1,4,2,1
Siena,2,16,192,210,175,183
Ohio St.,3,8,26,17,54,29
TCU,4,9,43,81,22,39
St. John's,5,5,17,44,12,16
Northern Iowa,6,12,72,153,24,72
Kansas,7,4,21,57,10,21
Cal Baptist,8,13,106,191,50,98
Louisville,9,6,19,19,25,17
South Florida,10,11,47,61,40,45
Michigan St.,11,3,9,24,13,11
North Dakota St.,12,14,113,124,124,114
UCLA,13,7,27,22,53,30
UCF,14,10,54,40,101,51
Uconn,15,2,11,30,11,10
Furman,16,15,191,200,181,186
Florida,17,1,4,9,6,4
Prairie View A&M,18,16,280,311,214,300
Clemson,19,8,36,71,20,34
Iowa,20,9,25,31,30,27
Vanderbilt,21,5,12,7,31,13
McNeese,22,12,68,91,49,56
Nebraska,23,4,14,55,7,14
Troy,24,13,143,141,166,125
North Carolina,25,6,29,32,37,24
VCU,26,11,45,46,60,43
Illinois,27,3,7,2,28,8
Penn,28,14,150,204,111,139
Saint Mary's,29,7,24,43,19,22
Texas A&M,30,10,39,49,41,44
Houston,31,2,5,14,5,5
Idaho,32,15,145,176,136,145
Arizona,33,1,2,5,3,3
LIU,34,16,216,239,186,198
Villanova,35,8,33,41,35,35
Utah St.,36,9,30,28,45,26
Wisconsin,37,5,22,11,51,25
High Point,38,12,92,66,161,75
Arkansas,39,4,15,6,48,15
Hawaii,40,13,108,211,43,101
BYU,41,6,23,10,57,23
Texas,42,11,37,18,95,42
Gonzaga,43,3,10,29,9,7
Kennesaw St.,44,14,163,143,194,155
Miami (FL),45,7,31,33,38,32
Missouri,46,10,52,50,78,58
Purdue,47,2,8,1,36,9
Queens,48,15,181,77,322,189
Michigan,49,1,3,8,1,2
Howard,50,16,205,270,129,203
Georgia,51,8,32,16,80,33
Saint Louis,52,9,41,51,42,31
Texas Tech,53,5,20,12,33,19
Akron,54,12,64,54,113,54
Alabama,55,4,18,3,67,18
Hofstra,56,13,87,89,95,88
Tennessee,57,6,16,37,15,20
SMU,58,11,42,26,91,37
Virginia,59,3,13,27,16,12
Wright St.,60,14,140,117,193,127
Kentucky,61,7,28,39,27,28
Santa Clara,62,10,35,23,82,40
Iowa St.,63,2,6,21,4,6
Tennessee St.,64,15,187,173,212,172
